<?xml version="1.0" encoding="UTF-8"?>
<project-private xmlns="http://www.netbeans.org/ns/project-private/1">
    <editor-bookmarks xmlns="http://www.netbeans.org/ns/editor-bookmarks/2" lastBookmarkId="0"/>
    <open-files xmlns="http://www.netbeans.org/ns/projectui-open-files/2">
        <group>
            <file>file:/D:/Enock%20files/web%20pro/javaFx/EN%20media%20Play/src/mediaplayer/FXMLDocumentController.java</file>
            <file>file:/D:/Enock%20files/web%20pro/javaFx/EN%20media%20Play/src/mediaplayer/FXMLDocument.fxml</file>
            <file>file:/D:/Enock%20files/web%20pro/javaFx/EN%20media%20Play/src/mediaplayer/MediaPlayerApp.java</file>
        </group>
    </open-files>
</project-private>
